,seguidores
0,tkersey
1,njonsson
2,bangpound
3,vincentkoc
4,Rud5G
5,mlsj1
6,syug
7,esneko
8,neopunisher
9,jazzwang
10,begoon
11,fly51fly
12,fallenpegasus
13,fribeiro1
14,brase
15,chchrist
16,massimoselvi
17,ScottJWalter
18,adeelahmad
19,mindcrime
20,informaticadiaz
21,MarceloNascimento
22,dmsbilas
23,thimslugga
24,leecardona
25,shyuan
26,nara
27,openam
28,semsphy
29,srp19
30,DaemonCahill
31,Cambera
32,riyadparvez
33,nattfodd
34,mitaka
35,ZhangYunfang
36,temosy
37,threadstonesecure
38,manuelhunziker
39,ambagasdowa
40,daball
41,pedro-lima
42,alexharvey
43,josh-fisher
44,subidit
45,pdevenraj
46,nerandell
47,raghuboosetty
48,tdmalone
49,34code
50,burib
51,whn09
52,bobbyearl
53,alishir
54,ahlfors
55,bsrz
56,mailmahee
57,mihkels
58,daefresh
59,dofstar
60,codee
61,LisaDelaney
62,EdZava
63,pmanolak
64,kistasi
65,afelicioni
66,firebitsbr
67,glaucodiogo
68,manjunathd
69,afonsoalban
70,rsaa
71,hvn0413
72,duxing2007
73,ste93cry
74,terran1942
75,itanoss
76,anujku
77,thesobercoder
78,bygbyron3
79,rickymaciel
80,KevinGimbel
81,zsp0817
82,konamo
83,voldyman
84,golf-x
85,alexjennings
86,somaditya
87,apjowen
88,usui-tk
89,dengqixing
90,Davi-He
91,godsoul
92,kumar-nitish
93,toku345
94,snoop0x7b
95,PandaBlessing
96,andyuls
97,juanjoruiz2109
98,mangualero
99,haydenthai
100,proverbs53
101,Rajivhost
102,universewrld
103,dpapageo
104,HJiefeng
105,kkpan11
106,plumcube
107,magigo
108,ahmadfaizalbh
109,flukebox
110,jakebrinkmann
111,simar1998
112,CheeseTurtle
113,AAbasinejad
114,virtuoushub
115,huamichaelchen
116,mumblepins
117,b3nkos
118,bretdarby
119,srinitude
120,the-watchmaker
121,codinggooner
122,kimpenguin
123,pthbinh92
124,weisberg
125,ace-coder
126,infinitedreams9586
127,tusharsoni08
128,hoansgithub
129,schallerala
130,alexxyjiang
131,star-fx
132,amavlyanov
133,garciparedes
134,keshabb
135,s0nlxaftrsh0ck
136,darasat
137,mklemann-com
138,tiloyi
139,roykalony
140,zhangxiangdong
141,thomasdalbert
142,LavenderDaisy
143,edisona
144,Steven-Acomb
145,kevcooper
146,jodavaho
147,side9show
148,teeksingh
149,kevingrondin
150,koyashiro
151,unlitdev
152,well1791
153,mleziva
154,ajian005
155,ykaidashov
156,anand-b
157,xGreat
158,MatterhornProject
159,tolgabuyuktanir
160,cash2059
161,rajabalaji-mp
162,anobil
163,vedamj01
164,jafferlin
165,yixiuhua
166,rodazuero
167,JustCallMe-AK
168,henriquerick
169,Wyvernslay3r
170,gabrlyg
171,paulosiciliano
172,martinvaldivia
173,rdczhby
174,mys328
175,billykwok
176,andrey-berenda
177,sinhang
178,Pal3love
179,Lakshmiaddepalli
180,mohamed-abdelsattar92
181,rawer886
182,jathurchan
183,thanhcsf
184,junaid109
185,arpitgo4
186,roykhoury
187,bafeiyu
188,Ylmzef
189,anlexN
190,Janujan
191,fwblcz
192,elaineleung
193,djinl520
194,protyay
195,selfishprimate
196,Mwalthery
197,GregAllenSmith
198,zgover
199,avestura
200,aspindle
201,pqrsooo
202,evanshrestha
203,bos-hieu
204,hanautoparts4u
205,sonimonish00
206,ljesparis
207,imvikramn
208,massivelivefun
209,garrettrh
210,adanone
211,ghishadow
212,shower1986
213,mseld
214,JasonYe88
215,seshurajup
216,xiaopizi19
217,pelamlio
218,Asavarkhul
219,ajay340
220,custadian
221,KlwntSingh
222,FelixFeliciant
223,learnerzhang
224,gamedebug
225,jonathanarodr
226,baboooin
227,osama-ahmed
228,nir-zilberman
229,changyongyong
230,bigDP
231,WajahatSiddiqui
232,markjohnlucas
233,Vaibhav
234,manavchoudhary
235,nikolaospapachristou
236,CallmeTorre
237,jcarlos001
238,vslala
239,peterjlay
240,Ngel-Castro
241,rilek
242,dawei-wang
243,George-Petrovski
244,DominikHorn
245,JeffUssing
246,edstgo
247,yxblee
248,barisates
249,ankkrish
250,pratickRoy
251,pereirakadu
252,justinsamuel92
253,dotsnangles
254,609151318
255,RyanAugust
256,dbarrington
257,knhnd
258,noid11
259,ioing
260,AruulmozhivarmanS
261,Tusharjagi
262,ivaylo-yordanov
263,rramirez0203
264,emullaraj
265,theranajayant
266,jkjavier
267,mcguegi
268,nbhirud
269,fischerleon
270,UmutSERIFLER
271,zhu0823
272,Joe192168
273,SanHacks
274,LindaHaviv
275,ball582
276,dmitrykrisko
277,qmajid
278,we1l1n
279,thangnm93
280,NikhilRyan
281,dongzhuoyao
282,xuelangqingkong
283,godobyte
284,chanffdavid
285,anomaly-88
286,CLF3721
287,undabah
288,aymenbelarbi
289,ashish936
290,giotramu
291,0xlkda
292,guilhermebc
293,SMBgurus
294,brentclay
295,mate-h
296,artur-sak13
297,yorshreynoso
298,yehuizhang
299,AAdewunmi
300,flaviopavim
301,Zenidog8
302,aiwongs
303,kalsyanpradeep
304,charaton
305,vonzou
306,jaymahfudy
307,maxsxu
308,keita-hino
309,KyuDounSim
310,Anirudh257
311,jmartins-sh
312,satyarajreddy
313,Prithvish04
314,AnsonHwang86
315,xzm2004260
316,anirudhbagri
317,STCYC
318,rsmelo92
319,StrangerCoug
320,keren123
321,paraskevasleivadaros
322,Grimgog
323,noodanee
324,alobe
325,zhuzixian520
326,JadeCong
327,VitorSouza7512
328,dancause
329,graceko22
330,paletode
331,Timotej979
332,erenaslandev
333,serhiiklenachov
334,camerondurham
335,khanhhuy288
336,gstair
337,hotsticker
338,ningfc
339,RishabhKr97
340,jiangoz
341,ardasatata
342,Murplugg
343,tanvirstreame
344,kworkbee
345,arnab-ray
346,yuriykuntsyak
347,StarDustTwinkle
348,bahadirsahin
349,SMSesay
350,jamestiotio
351,anuj97
352,yaelBrown
353,motmaytinh
354,desaidn
355,NoxGamingQC
356,aravinthakannan
357,lingjiekong
358,diohsb
359,janviyao
360,hijiki51
361,mksarge
362,pradeepkni382
363,rdnasim
364,shrinidhibarthur
365,StrangeKnowledgeIncresed
366,Austin47
367,shokriw
368,franklin-monreal
369,xxh031203
370,dororoholic
371,chipro
372,lossfunc
373,feapaydin
374,loumalouomega
375,james-sungjae-lee
376,garyhtou
377,d3v2null
378,msweetland
379,jrjm1111
380,mitutitu16
381,ShuhaoZQGG
382,akashsathyan
383,sushant-joshi
384,chrisskhoury
385,jeremychauvet
386,riturajDas
387,Logicus03
388,chinchillajared
389,isabelchaves
390,shikharsaxena98
391,flukelaster
392,rjuer
393,mussieh
394,pawa2007
395,lintsai
396,6thpath
397,nj1787
398,rockychang7
399,hanwgyu
400,wudangqibujie
401,DihanDai
402,drewfrost
403,bixo-d
404,MUmarJaved
405,contimatteo
406,amaankulshreshtha
407,surajsahani
408,hackenbacker
409,petronem
410,my1795
411,Pzoom522
412,SpeicherA
413,nityansuman
414,hahacyd
415,wangtiechuan
416,lynmison
417,anaghkanungo7
418,RickyC0626
419,WladFrazao
420,Ming0217
421,caesar-one
422,xuepengwei
423,Ishanna
424,nvspavankalyanch
425,JoeRMiller
426,devStarscream
427,nkn6294live
428,FanJups
429,ShwetaShivangi
430,amwi04
431,mnk400
432,pd14196
433,samirdjelal
434,tychodev321
435,TheFJS14
436,Baleryom
437,caitinc
438,almokhtarbr
439,andreacip
440,alexanderafanasov
441,duranbe
442,thapaashis110
443,soccernut
444,mdobro1
445,royswale
446,saneknight
447,AnhTrieu
448,janmarkuslanger
449,morinyan
450,gujiacun
451,adileone
452,BIGChask
453,mapjx
454,fuhaoma
455,DXLZ
456,nuffQuantumSayd
457,nikfed280199
458,kekemao00
459,lamsd
460,anuq
461,igorasantos
462,metaphor0
463,iashutoshtiwari
464,yaravi
465,skippermin
466,masakiasami
467,huannvttd98
468,SantosCristiano
469,thatbeautifuldream
470,happyqq
471,iameduardod
472,wuchunfu
473,venkate5hgunda
474,whuhxb
475,ks1990cn
476,ronnielutaro
477,Samutichev
478,jongan69
479,nmoisess
480,kayericson
481,tjolr
482,LuGO0
483,rishikavikondala
484,lodhik9
485,cultivate5253
486,elafifi
487,akazyti
488,boomer2752
489,Luccasoli
490,thiagoproldan
491,benmassaoud
492,abheesht17
493,ShrivatsAgrawal
494,HebaElGalad
495,himanshututeja1998
496,sevenhqj
497,AsadAmir111
498,CWHer
499,Pei1133
500,proKress
501,SamuelMaculuve
502,pasenchenko
503,jinjidong
504,eemailme
505,Nikronic
506,Razdeep
507,jkh920184196
508,FenTheDev
509,Dxdzy86
510,ThaoNhienNguyen-Erika
511,chunkSpadunk
512,patrick22414
513,13984468001
514,pseshadri9
515,Jiahuan-Pei
516,AdityaSoni17
517,shelthack
518,dykderrick
519,johngunerli
520,xmaxance
521,akashmdkml
522,Menotron
523,smustafa75
524,nanaboat1
525,eshack94
526,Karim-53
527,EthanC-8
528,nitinnbisht
529,ericpark123
530,Matheus-ESW
531,allenduchaoyuan
532,Yulv-git
533,hexolan
534,moqsien
535,MilleniumSpark
536,sagsango
537,Programador89
538,robertgro
539,JasonMoon95
540,limeng92
541,raashidanwar
542,jackpan123
543,bshreddy
544,TsukasaSeto
545,almiracioly
546,PallaviVarandani
547,alvinlal
548,Rookl
549,awabasher
550,Katsukiniwa
551,huuquyet
552,PMcTwist
553,hqng
554,rkv0id
555,MadeInLondon
556,shiminfxcvii
557,sigsant
558,celikgokhun
559,shiva0612
560,jk4freedom
561,kyamashiro
562,LasVegasBilly
563,Turbocaspal
564,davnunes
565,afondiel
566,johnnyrtrentin
567,stnorbi
568,stacyrymer86
569,zero-null
570,jh9875
571,GITWHB
572,devinkg
573,ricardosuman
574,mencarellic
575,rabbithophop
576,ftf1218
577,hirawatt
578,adilet-saken
579,marcomamprin
580,Thejuskbenny
581,TomasDavidYe
582,nanaxumu
583,GabrielFerrante
584,13995595007
585,tinahuang222
586,Bhavuk-Garg
587,Mzon2857
588,thiagomares
589,skleee
590,mjsheikh
591,anishamalde
592,easy147
593,TeddyCom1
594,prabhumns
595,HyunjunA
596,harishravi121
597,iamharvey
598,rahul-zomato
599,ricardopra
600,avanishvyas
601,inframarauder
602,YjqZhouxiao
603,adhamsalama
604,LuoTailong
605,AtaraxiaZ
606,hyanzhang
607,sovansambath-phann
608,rkej
609,jinshuye
610,ibn-khafagah
611,kartikeytewari
612,md-arfin-cse
613,johncruyff14
614,johan-lab
615,ambanerjee
616,bzamith
617,deviknitkkr
618,Abirul
619,ranefattesingh
620,nesakobi
621,yungwarlock
622,hunghg255
623,matoszz
624,andrewdge
625,RobertConde
626,rksamu
627,hartl3y94
628,saarthdeshpande
629,leechenze
630,Dexterzprotege
631,alan713
632,sandrawilczynski
633,ManojTGN
634,Debarshi95
635,gauharayub
636,GowthamSk1
637,PolyVoid
638,middas-0706
639,seanwynwins
640,WendyYanto
641,batuhan-basoglu
642,sangamesh-kodge
643,claudsonbarros
644,yotamnahum
645,huiminlim
646,sumukhteja
647,valtab
648,JankinTian
649,djmcclary
650,theroyakash
651,sadoreko
652,billsenxu
653,MarcoSantonastasi
654,cheungfujai
655,amadsalmon
656,infinitepower18
657,ashr4f1arr2ad
658,rgdyy
659,shayanekat
660,fellipematos
661,Disciple0fMarx
662,VE5ETA
663,KlinKlinKlin
664,ishu-thakur
665,brijeshbhalodiya
666,zaaakher
667,XRLZX8
668,soumyadbanik
669,zhnzhang
670,yhf98
671,xjhofernandes
672,gauravagrwal
673,juanca-jimi
674,mapy1874
675,JohnDNC
676,zeelsheladiya
677,ImKunYoung
678,EduardHov
679,risejl
680,Soumil-Bhattacharya
681,mahmoud-elghonemy
682,johnmccants002
683,samedsemihs
684,moramadan98
685,aymandarwish
686,HongLouyemeng
687,maniac1122
688,Sambit650
689,haja-fgabriel
690,kohring
691,okonri
692,paulohenz
693,leopoldoH
694,cnhuz
695,liltommy1dev
696,Wwillers
697,owini
698,amirmojarad
699,RichardZj
700,nolvuscodes
701,MarcoSteinke
702,acox216
703,smy1999
704,switcombe
705,anujchoudhary-17
706,mazrean
707,XrosLiang
708,994Simone
709,matheussooares
710,Mystic-77
711,bruno-aires
712,Jirigesi
713,imokhtar
714,ArthurAnastopulos
715,w3dg
716,guilefoylegaurav
717,denmj
718,frankxzAmazon
719,ericwidjaja
720,mirfanaslam
721,nayeonshin
722,xiaozhiob
723,u-yas
724,smelouah
725,icqmula
726,dmascheck
727,Abhirajnow
728,sanjuchandra
729,sadiqshaik123
730,cccaimingjian
731,anurag01a
732,masrafi115
733,Liebmann5
734,sm-heard
735,Abhijrathod
736,leonardoknakagawa
737,agastaldellomaccomit
738,steffiypx
739,AdnanAaddi
740,MaxDeveloper16
741,hchen19
742,leonardofhy
743,tenpa007
744,gtrman97
745,MuffinAmor
746,amiranbari
747,rushilenekar20
748,soma2000-lang
749,jin-sungdae
750,Git-Codder
751,Ayush-Pujari-07
752,songziqwq
753,goillotc
754,2019-GitHub-Chu
755,Tarsisnbs
756,dylenchang
757,chinkin707
758,frankporco
759,adithya1010
760,sametcn99
761,Aditya-Khemka
762,chanwoo00106
763,FrankQixiangGao
764,alikemalozgumus
765,Codesmaster-lab
766,gwd666
767,dhanrajswami
768,Supriyo8799
769,Maher-RJ
770,Dajun-2019
771,0xa3k5
772,LuanGomes12
773,stevenrsewell
774,Symon629
775,martintaylor1635
776,kranti2201
777,prad-j
778,jaquespavan
779,huiyouyou
780,vignesh5535
781,huai-jie
782,bipin0x01
783,chrichri17
784,GessioMori
785,TylerMamrot
786,danmslamt
787,Pecorari
788,1MuhammadFarhanAslam
789,br8km
790,najmehn00
791,Uplift-0508
792,samtimur
793,ajmalbinnizam
794,TatsuyaNakagoshi
795,jigordev
796,NonymousMorlock
797,EfeAcar6431
798,akinfelami
799,avstreamdevpro
800,kqiq
801,NaoyaTatetsu
802,mijung-in-11st
803,simonjgr
804,Vigneshkumar212
805,avadhutjc
806,MLHaddon
807,Capital-SetMawHtay
808,sumairq
809,jcork4real
810,samr874
811,aditya-repos
812,spencerlepine
813,calbergs
814,yusuke-z
815,Yuri-Mendes
816,jimmysmits
817,Drag0nf1y
818,JohnDoll2023
819,Saipraneeth99
820,santoshlite
821,vinodpatildev
822,leejoonhun
823,mmhamdy
824,lorenonzi
825,arqam365
826,hiyyg
827,b0nafideCicer0
828,VitorAkira-me
829,solfonte
830,PrideStudio
831,PriyamJha0124
832,Matt-Bulk
833,xiao-cy
834,meijihatakeyama
835,galichy79
836,thefaheemkhan
837,Flaiers
838,HenriqueFurtado-Dev
839,Derokkk
840,Shahna-C
841,chosungmann
842,Ethan-Ka
843,grahamwaters
844,deezeddd
845,jaymepsantos
846,mohamedhabibwork
847,Rayane-Aboud
848,hueiwhfa
849,anurag1504t
850,rudra-code-creator
851,rajveer43
852,Kushan2k
853,Thilak-KN
854,Tiger15cub
855,AesisGit
856,rafaelporfiriobarros
857,OBud75
858,yosefkiros
859,benzebra
860,HamdanAr
861,ralintuscano
862,rhattox
863,FurkanEdizkan
864,SegaGLm
865,celso-na-teixeira
866,nilesh05apr
867,EM51641
868,seanpm2001
869,thiagodebugs
870,rainmana
871,dylanhood
872,chris0765
873,JohnPPinto
874,Pquar
875,oss-mad
876,Mindula-Dilthushan
877,AHANCIT
878,sebaminaya0
879,d-t-n
880,rbuchmann77
881,Rameshraj55
882,SeifEldinMohamed
883,SteCC
884,daniel-dqsdatalabs
885,JoseRicardoPE
886,PhumyJS
887,yuyingjun0922
888,shakhzodtojiev
889,ShabbirHasan1
890,klkuoguru
891,ggopal13
892,angeloS-98
893,yagikota
894,DougRog
895,ipez98
896,litingyes
897,buddy1276
898,rdbender
899,uivid64
900,deevanshu-k
901,linquint
902,jeanhackpy
903,PhaedrusFlow
904,nguyen-duy-tan
905,Tpeach9474
906,KennyOliver
907,ronnieangeles
908,Lucas-sudo-dev
909,mahmud0v
910,carnate-tech
911,AldairAvelino
912,mertkilix
913,Ghost1386
914,asmnajmussakibkhan
915,istellaliu
916,QuantumBoy1010
917,polygonnedpotato
918,MadushanNimantha
919,Choikyudong
920,Harshi-itaSinha
921,anthowest
922,emiltervo
923,gustavoturin
924,mohd-salem
925,Infisrael
926,MateSousa
927,marcelozepeunam
928,canyoldas0
929,erfuun
930,madcitymultimedia
931,arunavabasucom
932,JonathanCristovao
933,ugke
934,Gustavo-Murdiga88
935,uk-2
936,Jiyu-Kim
937,aadarsh-af
938,karthikmurakonda
939,fantastic0206
940,littlelionly
941,thunder-007
942,Rahulengineer-spec
943,ibarraz5
944,vidda5
945,AndreiMariciuc
946,tatvil
947,michelececcacci
948,nabeelnoor
949,sherlcok314159
950,mist1024
951,elerner42
952,vedantraval2310
953,juliana-silva-hub
954,mrrushikeshdaund
955,sudongyuer
956,LlandspitRunzingf
957,jianan1104
958,Westsi
959,AnmolVerma404
960,JoseLopezSolis
961,Ashish0898
962,muratali016
963,ozancck
964,farinaceos
965,zamoosh
966,KISHORE-KUMAR-S
967,anadeem2
968,VincentIhab
969,natdosan
970,ManojJ07
971,cx63cc
972,riadelimemmedov
973,ForBai
974,David7ce
975,aoshenx
976,chococandy63
977,lii4ee
978,TruongNhanNguyen
979,itsRealEllis
980,weiliw-amz
981,llllllilllilliii
982,VenuGarlapati26
983,samliu90
984,gerald924
985,FukazawaKazushi
986,TheTrueKen
987,TakahirosGithub
988,StephenOravec
989,sccvn
990,yaroslav-honchar
991,sbdeveloper90
992,loupprodi
993,shirushi-dev
994,Samruddhi362
995,lettymoon
996,clearljn
997,jiaweicai92
998,Mairobinsky
999,pritamkpratihari
1000,HenryDV
1001,federicoreppucci-deliveroo
1002,buiquangthanhcode
1003,Jibe7
1004,MJ-Tech-H
1005,KendallDoesCoding
1006,Shrey-Srivastava21
1007,niravpi
1008,Itisjigar
1009,piyusagr
1010,junzmint
1011,enricoasc
1012,rakshit782
1013,adnene-guessoum
1014,Yajie-Zhang
1015,huseyingirgin-eva
1016,script-lab
1017,ccampa896
1018,Nandita-SB123
1019,poojasundar15
1020,me-deshpande
1021,Ahmedhamza1232001
1022,nurullah-arican
1023,ariyandevanand
1024,ishika1501
1025,mdzaberalhamid
1026,MuziZwane
1027,ahamedrujhan
1028,batz-gg
1029,jmoore78
1030,Sai-teja-rachamalla
1031,ekaterina4952
1032,KalvenDebig
1033,kumartul
1034,eaxoy
1035,charan11sv
1036,YoliswaD
1037,frankpengau
1038,wanjanhasan
1039,Phillipe-Hugo
1040,ndnan
1041,MarshallOkafor
1042,NickMezacapa
1043,fedebayer
1044,xwillxu
1045,danielaiyuan
1046,tkm9602
1047,NavratanPatel
1048,Mohammadflht
1049,Tahsin411934
1050,Samruddhiiii
1051,fvarghese99
1052,rediahmds
1053,nishantb06
1054,Louuuaiii
1055,FelipeFama
1056,marcusPrado02
1057,Arshu200
1058,josephmartinmoran
1059,AndreCoutinhom
1060,natamartins
1061,elcnu986
1062,sssamm29
1063,NChub
1064,techprogo
1065,mgaspirc
1066,SarfarajRahmn
1067,Aniketchaudhary16
1068,JeromeXapix
1069,ClaudiaA18
1070,ElizabethJoseph25
1071,Manbendra2014
1072,Saleheddin
1073,enVId-tech
1074,heshara2000
1075,Saba42V
1076,Shahid6289
1077,henry-vipnet360
1078,mitesh-acc
1079,thrashghost
1080,prejin2310
1081,alismask
1082,rodrigommar
1083,Sudhanva-Nadiger
1084,FelipeBNascimento
1085,ethangutk
1086,mb4m1
1087,Lucas1114
1088,puppsupr
1089,naji0329
1090,SuperSmile0109
1091,Giasinit
1092,apella1
1093,0laday0
1094,pannacottaaaa
1095,mars-aria
1096,RichardMulambuzi
1097,RYANFRANKLIN237
1098,LaughingJackalope
1099,ygill
1100,isaacbrendel
1101,Avidlearner001
1102,zagui-master
1103,Ganesh972
1104,marupon3910
1105,Fuko-Ibuki
1106,JeffreyChim
1107,supbrice
1108,black-mold
1109,BrunoGr0883
1110,tomgangwang
1111,emmyoh
1112,leonardonakagawa
1113,chkp-bryans
1114,hgnzheng
1115,agurinv
1116,sghost13
1117,SpikyWU7
1118,shashank-mishra14
1119,missAnneThorpe
1120,KoolSoul
1121,Naveen2334
1122,IAMPARSI
1123,LeonMS123
1124,nosh09
1125,Angie-Zhang
1126,Vladdstian
1127,satayuji
1128,HJPandey
1129,ryanherd
1130,gremsyQuanLe
1131,LKChigumadzi
1132,Kenaaaaaa
1133,koray-aydin
1134,bekbolsun446
1135,lchen104
1136,louisphihaihoang
1137,RahulDubey391
1138,SnKToR
1139,Rupesh510
1140,vatsal-30
1141,akshit2257
1142,pppppyamaP
1143,Rajesh562020
1144,Trik01
1145,zahidhussain998
1146,hemsridh
1147,Vijay3725
1148,DDDavey
1149,adoussal
1150,iopebiel
1151,lowep
1152,yolo102938
1153,FlawlessCasual17
1154,dhineshprabakaran
1155,qdclub
1156,asimpson0000
1157,dmytrochumakov
1158,thatme12
1159,JaRLenZhang
1160,The-code-is-secret
1161,jeremyw-dobeu
1162,christine-sandbox
1163,Comosaycomosah
1164,maxrathmann
1165,AaronSMathew
1166,FIDEL7Z
1167,rohit250799
1168,MirboboyevJasurjan
1169,lucasaraujodev
1170,vishaal3301
1171,aka5050
1172,truemanstock
1173,tori-ham
1174,boscotba
1175,jasonthedataguy
1176,AContesini
1177,julianomolinari
1178,Ponthezs
1179,0xMxrgan
1180,akhmadmamirov
1181,ParagDD
1182,bourbakiN97
1183,Myceliose
1184,mil2tech
1185,menawi
1186,ad0niram
1187,chrisgomad
1188,looooooooy
1189,ayitharevanth
1190,Julioalvestv
1191,Ashishh0007
1192,seespike
1193,ropdias
1194,penguinpottery
1195,crr-bbai
1196,ComprehensiveAmoeba
1197,andedavd
1198,WLHQ
1199,manuelortizus
1200,aibolu
1201,MaxBryne
1202,Frisek
1203,shanenichols-channeladvisor
1204,mircoisendu
1205,soriqoo
1206,ThecoderPinar
1207,romans1234
1208,silviana-hs
1209,risingcurve
1210,rigvedp97
1211,sahanediriweera
1212,Raghavendra-Yadav
1213,jcf170030
1214,vladelets-vselennoy
1215,ThomasCode92
1216,paulaPSOx
1217,rsenthur
1218,xmartinsbr
1219,dhrubajyotifounderofDSoft
1220,JulienCamp
1221,ryan-w-roche
1222,montyma-amazon
1223,BryantVencil
1224,Vasco-Arts
1225,YgorAlcantara
1226,akshaygp18
1227,AgentofPhoenix
1228,JapnoorHere
1229,Zaka123456
1230,Pulimi1991
1231,modabossymaxk
1232,TheNicCraft25
1233,Janxxxx
1234,chukstochi
1235,srdegbe
1236,chuzairnisar425
1237,IzaacCoding36
1238,Emzie2212
1239,pushkarcode
1240,bbazwalt
1241,astuteIsrael
1242,Calum09
1243,mshtorache
1244,anbinh93
1245,TN-Junior
1246,Itzkuldeep444
1247,rafaelgandis
1248,iamchiranjeebpanda01
1249,gsoni1
1250,aniruddhawathare
1251,Qianru69
1252,samiamorshed
1253,mrlizhaozhi
1254,chris6090
1255,soorajaryan007
1256,IKashCode
1257,Anmol5519
1258,fernandobraz88
1259,bhargavbijjam
1260,BigSlum
1261,sachin21t
1262,RomDev7
1263,doski22
1264,allaboutevemirolive
1265,hongbo-wei
1266,mdhumairraza
1267,Laindrion
1268,kdelcampo13
1269,Hoppeful
1270,vaddikeshavareddy
1271,MahdiCodee
1272,DonzerHD
1273,darenj456
1274,coder-nian
1275,shubmanh
1276,kybex11
1277,VasanthamHimaanshu
1278,luizvulpi
1279,SvipWangyh
1280,innocentc
1281,gtamaral
1282,1jana0
1283,beyzaaydogan01
1284,Armkas
1285,mgtian03
1286,Vincent-Y5
1287,GuilhermeeCustodio
1288,rajwadejii
1289,carlosgomezi
1290,fevziismailsahin
1291,Prateek-Wayne
1292,RaviYadav02
1293,DadMouth82
1294,jvitorlk
1295,liam-devx
1296,Su-Tcode
1297,gitteedara
1298,iam-back
1299,Ananya2311
1300,MaxwellNi
1301,eloidieme
1302,winfredbo
1303,DeclanGH
1304,xcrar
1305,Sheepdog2022
1306,Salvapazzo86
1307,Mohamed988o
1308,jessepeq23
1309,htiennv
1310,Shashank1407
1311,AngelCen14
1312,rsmaayon
1313,ali-fraz
1314,sbaws
1315,rany01
1316,Anis-Web
1317,Ig0rFA
1318,Som-III
1319,wshanleee
1320,ansh2903
1321,konpap-chan
1322,LuizGup
1323,sudoblanc
1324,Arun-gox
1325,DominikWunderlich
1326,amitsingh2022
1327,bonnysi76
1328,misaelsp
1329,developer1618
1330,JaafarLezzaik
1331,AliHossam98
1332,Renpeng01
1333,shanechioa
1334,LekshmiPrakashhh
1335,pchalise7
1336,Valliebby
1337,camilasoares045
1338,poemww
1339,Sray47
1340,Alexdon1988
1341,jinholee-lab
1342,aminbiography
1343,Svetozara3363
1344,MarcelloCordal
1345,github-world192
1346,rajeshkanugu
1347,sivalaxman07
1348,pookiecookiee
1349,raphaelguardiano
1350,choiruddine
1351,Nithin-singiri
1352,adiibnuajat
1353,krishnagptamcs
1354,yanwei257
1355,gauravchakrxborty
1356,sergiojfsunior
1357,GiuLOCX
1358,L-Alexandre
1359,firefitdesgns
1360,themrhoffmann
1361,mgrundwuermer
1362,ryanAMZN
1363,Philipabao
1364,bnmbz
1365,Chadkendu
1366,Olaffson
1367,Hamza-H10
1368,karthik121222
1369,AbhisekWebDev
1370,timboslice832
1371,braedonbillingsley
1372,gilleswb
1373,Naruto-79
1374,aostar168
1375,shivam-tadas
1376,tinajiang26
1377,marcosdataleal
1378,nandarshan
1379,HappyMicky0317
1380,Andrei-Boghiu
1381,martinOofay2023
1382,josielabreu
1383,Wuzoobia
1384,VISHALVARUN011002
1385,ColdCodedotso
1386,19raulruiz68
1387,zaim03767
1388,Nanigullipalli
1389,imishangrover
1390,wiscdn
1391,ortanaV2
1392,sks972
1393,369bt
1394,omarhabd
1395,ZeshanMubashir
1396,Kayra-Baran
1397,purushoth2603
1398,ywangire
1399,PenhaJV
1400,ZenShuHara
1401,chende1121
1402,TF-185
1403,mdadnankh
1404,VidhiS07
1405,AleMartins2023
1406,JCOOPER5646
1407,danylo-miranda
1408,SangaoWe
1409,Maycon-dSilva
1410,imanol-2021-12
1411,cropoffquadcopter
1412,andregustavoaguiar
1413,aws-apradana
1414,choimikey
1415,nazidul
1416,yudai-shibuya
1417,datamoro
1418,KAEWPRASITKRAN
1419,Maycon-Melo
1420,lanjua5899
1421,TheWitchySarz
1422,JStk-Dev
1423,notjustjoshin
1424,niveshatom11
1425,LucaMaximilianBuchwald
1426,amenihong
1427,MT-Designs
1428,ben9672
1429,YuvalYanay
1430,aristo-alex-develops
1431,Abeldsonndiku
1432,WIN1NG22
1433,GauravDevOps711
1434,BogdanKlimov11
1435,S-PScripts
1436,paracatuatomico
1437,gitgptmin1973
1438,PatientProblemSolver
1439,jiang3d
1440,the-new-fifty-two
1441,DavideSchirru17
1442,RajVishal7
1443,CameronScarpati
1444,joaovgcoelho
1445,V-AI-ML-DL-DS-PL-PYTHON-JAVA-GO-2023-0
1446,tree-shrew
1447,Amisha-verma2907
1448,ocupadaparavc
1449,nogueiralf
1450,zactseng
1451,cavidan-1907
1452,ricberht
1453,ChamelePhantom
1454,abolfazlhajjar
1455,Tariq-Anjum
1456,vedamjamz
1457,adminjd
1458,justzh
1459,Zzzyyy2023
1460,Chrishargrove58
1461,Kikikickss
1462,luneto10
1463,538mansi
1464,INGVARtattoodjnWEBdev
1465,PPCXZ
1466,cvs0
1467,ZumaGr
1468,worriedape
1469,NikunjWorkDo
1470,rshuba4
1471,sairavi5887
1472,ravigiri91
1473,dminduca
1474,nareshns2004
1475,ialksng
1476,ThokozaniMntambo
1477,vx-vijay
1478,Sofyaolvs
1479,hatimharrati
1480,Valoron
1481,acya-amazon
1482,kidu-s
1483,unstatistical
1484,GiorgioAntonelli94
1485,niroshinimurugadas
1486,chrixcrusher
1487,harishravi131
1488,wishspotting
1489,harishravi141
1490,harishravi151
1491,luisdavidpaz
1492,JustSouichi
1493,suncoastcloud
1494,Nikhildsaroj
1495,Pranavprasadsinghs
1496,augustomangini
1497,miguelkuter
1498,JeromeyDynamics
1499,Pymster
1500,Sethfire2
1501,sfc-gh-cmilton
1502,AaQ027
1503,SavetoAI
1504,pawanny
1505,the3letterscompany
1506,unitop010
1507,ANVESHBV
1508,tufanbil
1509,iamakachili
1510,arturogaitatzis
1511,Morkonian9
1512,beverlymallen
1513,NikolaiYYDS
1514,lucasm-paixao
1515,y-hbb
1516,HkDotPY
1517,Bishal-11
1518,goeo1066
1519,GitHub7667
1520,cstiago
1521,SnorlaxCansado
1522,rahulnuvo
1523,natamartinscodedev
1524,abhisekde96
1525,programming-applications
1526,arch1024
1527,remotemommy
1528,Sameerkhansabri
1529,SA-Official
1530,XQH139
1531,Disnord
1532,AbdullahKhalide
1533,theHeadlessGrapes
1534,3d01
1535,FlipGeorgios
1536,mohamedahmedch
1537,negoceio
1538,AmirSheikhmagomedov
1539,anthonybiondojr
1540,zhuofuAMZ
1541,Dereck234
1542,WorananH
1543,CauaFChristoni
1544,SushilkumarDev
1545,r-akshay0002
1546,valuezon-team
1547,imanojchandra
1548,nihanth1234
1549,rsmelonw
1550,DarkCodeStudios
1551,Rumie01
1552,nickdengamazon
1553,JaiPrakashBhola
1554,fbrunamiranda
1555,iirachet
1556,chuqiang188
1557,genttti
1558,J4R3D5
1559,MominIshaque
1560,kavin-raja-d
1561,kyawtiz
1562,arihitaD
1563,Michael-MSL
1564,SkyeCai0608
1565,GeekAmir
1566,7IAM7
1567,bbg-it
1568,thankful-kitt
1569,tpna
1570,AbolfazlPoornaderiyan
1571,bear-dotcom
1572,Robertrabbit0802
1573,godkerbi
1574,Administrator33
1575,omarmoashraf
1576,mohammadmehrani83
1577,K437-max
1578,Yasaswini-Yasaswini
1579,mikey-sys
1580,Pascal-Felis
1581,HiagoPetry
1582,Eduardo7coelho
